rank,pose,site_distance_A,on_site_15A,delta_g_kcal_mol,rank_score,contacts,clashed
1,pose_8.pdb,21.751981902465545,False,-8.4586,-8.7603,21,True
2,pose_16.pdb,15.21050611047273,False,-9.458,-8.9633,20,True
3,pose_10.pdb,15.823605197737587,False,-9.3881,-7.6855,21,True
4,pose_12.pdb,17.601168919849965,False,-8.7428,-9.0457,20,True
5,pose_11.pdb,10.865048075568783,True,-9.0119,-8.8188,21,True
6,pose_19.pdb,13.635701661835947,True,-8.7097,-8.4634,20,True
7,pose_13.pdb,11.787172122851945,True,-9.5839,-8.3004,18,True
8,pose_1.pdb,14.971184950572566,True,-8.7676,-9.1828,18,True
9,pose_6.pdb,14.914022445000914,True,-9.096,-8.4675,20,True
10,pose_18.pdb,17.903717389172378,False,-8.9102,-8.8307,19,True
11,pose_4.pdb,12.010227057199609,True,-9.3483,-8.3378,20,True
12,pose_3.pdb,19.25542770116649,False,-8.7817,-8.8259,21,True
13,pose_15.pdb,19.389316874480798,False,-8.9933,-8.773,21,True
14,pose_2.pdb,13.48814263787538,True,-9.2063,-9.4404,19,True
15,pose_5.pdb,17.14545776644363,False,-8.8754,-8.7891,20,True
16,pose_14.pdb,12.252814262623223,True,-8.8787,-8.1462,19,True
17,pose_7.pdb,18.80313306224417,False,-8.4032,-9.333,21,True
18,pose_17.pdb,13.927331900495911,True,-8.8994,-9.3064,21,True
19,pose_9.pdb,18.346144555815936,False,-8.7043,-9.3182,21,True
