rank,ml_pose_score,bsa_fit_score,bsa,n_clash,hybrid_score,vina_score,ad4_score,entropy_correction,delta_g,mmgbsa_dg,ensemble_dg,pooled_affinity_dg,rank_score,charged_confidence,charged_frustration,cluster_id,pose_filename,n_contact_residues,is_ad4_anomaly,is_clipped,is_clashed
1,3.504,0.0746,1325.9,63,-13.9739,-4.9240,,-10.0277,-9.3969,,,-9.3969,-8.0436,low,0.946,2,pose_0.pdb,15,False,False,True
2,3.826,-0.1533,936.3,18,-13.2576,-1.1260,,-9.3114,-9.5233,,,-9.5233,-7.6506,low,0.419,0,pose_1.pdb,13,False,False,True
3,3.943,0.2385,1449.6,81,-14.3603,-6.8940,,-10.4141,-9.2757,,,-9.2757,-8.5294,low,0.279,2,pose_8.pdb,15,False,False,True
4,3.993,0.2862,1341.3,73,-12.6825,-5.7030,,-8.7363,-9.6299,,,-9.6299,-8.3630,low,0.000,0,pose_2.pdb,16,False,False,True
5,4.006,-0.0960,1325.1,56,-12.8756,-2.2070,,-8.9294,-9.0533,,,-9.0533,-8.4275,low,0.921,0,pose_14.pdb,14,False,False,True
6,4.008,0.2138,1831.0,115,-18.0523,-2.6580,,-14.1061,-9.1903,,,-9.1903,-7.8357,low,0.000,2,pose_5.pdb,20,False,False,True
7,4.014,-0.9711,1962.9,79,-14.6880,-3.9790,,-10.7418,-9.0728,,,-9.0728,-8.6416,low,0.054,0,pose_4.pdb,19,False,False,True
8,4.130,-0.6355,2097.8,105,-15.0092,-2.7170,,-11.0630,-9.2388,,,-9.2388,-7.6558,low,0.781,0,pose_7.pdb,19,False,False,True
9,4.219,-0.1513,1458.6,66,-13.0710,0.0000,,-9.1248,-8.7083,,,-8.7083,-7.3739,low,0.054,2,pose_17.pdb,15,False,False,True
10,4.701,-0.2081,1647.1,81,-14.2409,0.0000,,-10.2947,-9.3549,,,-9.3549,-7.9287,low,3.703,2,pose_13.pdb,17,False,False,True
11,4.790,-0.6951,2015.1,95,-18.9140,-3.6150,,-14.9678,-9.1090,,,-9.1090,-8.7299,low,1.943,0,pose_9.pdb,20,False,False,True
12,4.987,1.1527,2145.8,182,-17.5965,0.0000,,-13.6503,-8.8924,,,-8.8924,-8.7785,low,3.251,0,pose_16.pdb,21,False,False,True
13,5.133,0.2151,1852.3,117,-15.2979,-3.7980,,-11.3517,-9.3786,,,-9.3786,-8.4921,low,0.000,0,pose_11.pdb,16,False,False,True
14,5.252,-0.0059,1023.7,32,-14.6120,-4.7810,,-10.6658,-8.8403,,,-8.8403,-6.9595,low,0.088,0,pose_3.pdb,15,False,False,True
15,5.522,-0.3420,2196.8,126,-17.6073,-1.9380,,-13.6611,-9.5148,,,-9.5148,-8.2473,low,3.633,0,pose_10.pdb,21,False,False,True
16,5.577,0.2192,836.9,24,-13.4313,0.0000,,-9.4851,-9.0398,,,-9.0398,-7.2939,low,3.489,0,pose_15.pdb,11,False,False,True
17,5.648,0.3260,1846.8,121,-19.1137,-5.7160,,-15.1675,-9.5819,,,-9.5819,-8.3998,ok,6.874,1,pose_18.pdb,21,False,False,True
18,6.310,0.5322,861.9,39,-11.0611,-0.9950,,-7.1149,-9.0296,,,-9.0296,-6.9486,low,0.341,0,pose_12.pdb,12,False,False,True
