rank,pose,pose_rmsd_A,delta_g_kcal_mol,rank_score,n_contact_residues,is_clashed,charged_confidence
4,pose_13.pdb,3.0759940147399902,-9.467,-7.9903,9,False,low
8,pose_14.pdb,3.3169312477111816,-9.8815,-8.8887,7,True,low
1,pose_11.pdb,3.506962776184082,-9.5775,-8.7525,10,True,low
17,pose_0.pdb,3.5519680976867676,-9.2882,-7.7853,8,True,low
5,pose_17.pdb,3.585096836090088,-9.5059,-8.3719,9,True,low
7,pose_3.pdb,4.260644912719727,-9.1722,-7.9363,11,True,low
13,pose_6.pdb,4.42266321182251,-9.2525,-7.89,11,False,low
3,pose_15.pdb,4.448424339294434,-9.6663,-9.0282,9,True,low
10,pose_4.pdb,4.7984724044799805,-9.5212,-7.9304,8,False,low
2,pose_8.pdb,4.926167964935303,-9.4629,-8.052,11,True,low
11,pose_18.pdb,5.253651142120361,-9.2428,-7.5057,8,True,low
12,pose_2.pdb,5.290226936340332,-9.5727,-7.9337,10,False,low
16,pose_12.pdb,5.3493757247924805,-9.5996,-7.7979,10,True,low
9,pose_1.pdb,5.627895355224609,-9.3317,-7.958,6,True,low
18,pose_19.pdb,6.146764755249023,-9.2699,-8.6925,7,True,low
15,pose_10.pdb,6.472001552581787,-9.1578,-7.5886,9,True,low
19,pose_7.pdb,7.743625640869141,-9.8686,-9.6027,7,True,low
14,pose_5.pdb,7.8309006690979,-9.8284,-8.6154,8,True,low
6,pose_16.pdb,13.53283405303955,-9.5045,-8.7982,6,True,low
