sequence	hydrophobic_fraction	net_charge	max_hydrophobic_run	distance_from_rejected	runs_seen	old_best_score
MKQAVFANLVVFAGSSDWIRR	0.5714	2.0	5	6	2	0.4085
MKQAGFALLVVFAGSSDWIRR	0.5714	2.0	8	6	2	0.4427
MKQAVFALLQVFAGSSDWIRR	0.5714	2.0	6	6	2	0.5133
MKLAPFALLVVFAGASDWIRR	0.6667	2.0	8	6	2	0.5383
MKQAVFAELVFFAGSSDAIRR	0.5714	1.0	5	5	2	0.3999
MKQAVNALLVFFAGSSDAIRR	0.5714	2.0	7	5	2	0.6269
DKLAVTALLVVFAESSDKLRR	0.5238	1.0	7	4	1	0.5255
MKQAVFALLTFFAESSDAIRR	0.5714	1.0	6	4	2	0.5433
MKLAVFANLVFFAGSSDLIRR	0.6190	2.0	5	4	4	0.4771
MKLAVFALLVCFAESSDLVRR	0.6190	1.0	8	3	1	0.3510
MKLAVFALRVFFAESSDAIRR	0.6190	2.0	6	3	2	0.5048
